Workbook

Sheet Summary
A1: OudhTrade — Admin screens design tracker (onboarding)
A2: Companion to "Admin UX Design Brief — Onboarding". Counts below update from the other sheets.
A4: Screens by design status
A5: Status | B5: Screens | C5: Share
A6: To design | B6: =COUNTIF(Screens!$H$2:$H$26,"To design") -> 25 | C6: =IF(COUNTA(Screens!$A$2:$A$26)=0,0,B6/COUNTA(Screens!$A$2:$A$26)) -> 1
A7: In progress | B7: =COUNTIF(Screens!$H$2:$H$26,"In progress") -> 0 | C7: =IF(COUNTA(Screens!$A$2:$A$26)=0,0,B7/COUNTA(Screens!$A$2:$A$26)) -> 0
A8: In review | B8: =COUNTIF(Screens!$H$2:$H$26,"In review") -> 0 | C8: =IF(COUNTA(Screens!$A$2:$A$26)=0,0,B8/COUNTA(Screens!$A$2:$A$26)) -> 0
A9: Done | B9: =COUNTIF(Screens!$H$2:$H$26,"Done") -> 0 | C9: =IF(COUNTA(Screens!$A$2:$A$26)=0,0,B9/COUNTA(Screens!$A$2:$A$26)) -> 0
A10: Total | B10: =SUM(B6:B9) -> 25 | C10: =SUM(C6:C9) -> 1
A12: Screens by pattern
A13: Pattern | B13: Screens | C13: Done
A14: P1 Queue + case review | B14: =COUNTIF(Screens!$C$2:$C$26,"P1") -> 9 | C14: =COUNTIFS(Screens!$C$2:$C$26,"P1",Screens!$H$2:$H$26,"Done") -> 0
A15: P2 Settings editor | B15: =COUNTIF(Screens!$C$2:$C$26,"P2") -> 9 | C15: =COUNTIFS(Screens!$C$2:$C$26,"P2",Screens!$H$2:$H$26,"Done") -> 0
A16: P3 List management | B16: =COUNTIF(Screens!$C$2:$C$26,"P3") -> 5 | C16: =COUNTIFS(Screens!$C$2:$C$26,"P3",Screens!$H$2:$H$26,"Done") -> 0
A17: P4 Look-up | B17: =COUNTIF(Screens!$C$2:$C$26,"P4") -> 2 | C17: =COUNTIFS(Screens!$C$2:$C$26,"P4",Screens!$H$2:$H$26,"Done") -> 0
A18: Total | B18: =SUM(B14:B17) -> 25 | C18: =SUM(C14:C17) -> 0
A20: Screens by priority (P1 = design first)
A21: Priority | B21: Screens | C21: Done
A22: P1 | B22: =COUNTIF(Screens!$E$2:$E$26,"P1") -> 5 | C22: =COUNTIFS(Screens!$E$2:$E$26,"P1",Screens!$H$2:$H$26,"Done") -> 0
A23: P2 | B23: =COUNTIF(Screens!$E$2:$E$26,"P2") -> 11 | C23: =COUNTIFS(Screens!$E$2:$E$26,"P2",Screens!$H$2:$H$26,"Done") -> 0
A24: P3 | B24: =COUNTIF(Screens!$E$2:$E$26,"P3") -> 9 | C24: =COUNTIFS(Screens!$E$2:$E$26,"P3",Screens!$H$2:$H$26,"Done") -> 0
A25: Total | B25: =SUM(B22:B24) -> 25 | C25: =SUM(C22:C24) -> 0
A27: Other progress
A28: Item | B28: Done | C28: Of
A29: Patterns and shell done | B29: =COUNTIF(Patterns!$F$2:$F$7,"Done") -> 0 | C29: =COUNTA(Patterns!$A$2:$A$7) -> 6
A30: New components done | B30: =COUNTIF('New components'!$D$2:$D$13,"Done") -> 0 | C30: =COUNTA('New components'!$A$2:$A$13) -> 12
A31: Open questions answered | B31: =COUNTA('Open questions'!$D$2:$D$9) -> 6 | C31: =COUNTA('Open questions'!$A$2:$A$9) -> 8
A33: Legend
A34: Yellow cells | B34: Inputs for the designer and product owner: Screens — Design status, Figma link, Designer notes, Product owner notes, Due date; Patterns — Status, Designer notes; New components — Status, Figma link; Open questions — Answer, Answered on.
A35: Design status | B35: Pick from the list: To design · In progress · In review · Done.
A36: Priority | B36: Suggested design order (P1 first). Release labels are planning hints only.
A37: Brief section | B37: Section of the Word brief with the screen page (for example "6 · AD-01").

Sheet Screens
A1: ID | B1: Screen | C1: Pattern | D1: Users | E1: Priority | F1: Spec section | G1: Brief section | H1: Design status | I1: Figma link | J1: Designer notes | K1: Product owner notes | L1: Due date
A2: AD-01 | B2: A — Verification review | C2: P1 | D2: Moderator (Senior Moderator for escalations) | E2: P1 | F2: M03-6 §16.1 | G2: 6 · AD-01 | H2: To design
A3: AD-02 | B3: Video-call ID checks | C3: P1 | D3: Moderator | E3: P2 | F3: M03-6 §16.18 | G3: 6 · AD-02 | H3: To design
A4: AD-03 | B4: Sanctions batch and match review | C4: P1 | D4: Senior Moderator | E4: P3 | F4: M03-6 §16.13 | G4: 6 · AD-03 | H4: To design
A5: AD-04 | B5: B — Role change decision | C5: P1 | D5: Admin, Super Admin | E5: P2 | F5: M03-6 §16.3 | G5: 6 · AD-04 | H5: To design
A6: AD-05 | B6: C — Farm visit review | C6: P1 | D6: Moderator | E6: P1 | F6: M03-6 §16.4 | G6: 6 · AD-05 | H6: To design
A7: AD-06 | B7: Recovery and number-reclaim review | C7: P1 | D7: Admin, Super Admin (Support: open, note) | E7: P2 | F7: M02-6 §20.2 | G7: 6 · AD-06 | H7: To design
A8: AD-07 | B8: Staff-awarded badge applications | C8: P1 | D8: Moderator decides; Admin views holders | E8: P3 | F8: M03-6 §16.6 | G8: 6 · AD-07 | H8: To design
A9: AD-08 | B9: Lab accreditation review | C9: P1 | D9: Moderator | E9: P3 | F9: M03-6 §16.19 | G9: 6 · AD-08 | H9: To design
A10: AD-09 | B10: Partner programme review | C10: P1 | D10: Admin | E10: P3 | F10: M03-6 §16.20 | G10: 6 · AD-09 | H10: To design
A11: AD-10 | B11: E1 — Document checklists | C11: P2 | D11: Admin draft, Super Admin approve (high impact) | E11: P1 | F11: M03-6 §16.7 | G11: 6 · AD-10 | H11: To design
A12: AD-11 | B12: E2 — Business ID rules per country | C12: P2 | D12: Admin draft, Super Admin approve (high impact) | E12: P2 | F12: M03-6 §16.8 | G12: 6 · AD-11 | H12: To design
A13: AD-12 | B13: E3 — Rejection reasons | C13: P2 | D13: Admin draft, other Admin approve | E13: P2 | F13: M03-6 §16.9 | G13: 6 · AD-12 | H13: To design
... A26: AD-25 | B26: Support profile and case view | C26: P4 | D26: Support (read-only) | E26: P2 | F26: M03-6 §16.21 | G26: 6 · AD-25 | H26: To design

Sheet Patterns
A1: ID | B1: Pattern | C1: Parts to design | D1: Used by | E1: Brief section | F1: Status | G1: Designer notes
A2: Shell | B2: Admin console shell | C2: Top bar (search, queue counts, environment label, profile) · left menu in five groups · page header · 1440 frame | D2: All screens | E2: 3 | F2: To design
A3: P1 | B3: Queue + case review | C3: Queue table (columns, filters, tabs, due-time countdown, flags, fast lane first) · case view (summary header, tabs, documents, history, internal notes) · secure document viewer (watermark, zoom, rotate, page list, "Every view is logged") · decision bar (accept / reject per document with reason and message preview, ask a question, hold, decide) · reason dialog · edit-conflict banner | D3: AD-01, AD-02, AD-03, AD-04, AD-05, AD-06, AD-07, AD-08, AD-09 | E3: 4.1 | F3: To design
A4: P2 | B4: Settings editor | C4: List with status chips · draft edit with checks as you type · Preview impact · Send for approval (reason) · two-level approval · Publish now / Schedule · History · Roll back · "High impact" chip · edit-conflict banner | D4: AD-10, AD-11, AD-12, AD-13, AD-14, AD-15, AD-16, AD-17, AD-18 | E4: 4.2 | F4: To design
A5: P3 | B5: List management | C5: Table with filters, search and tabs · add / edit side panel · status chips · end / revoke / suspend with reason · bulk upload with preview where relevant | D5: AD-19, AD-20, AD-21, AD-22, AD-23 | E5: 4.3 | F5: To design
A6: P4 | B6: Look-up | C6: One search box · result rows with masked contacts · reason dialog before opening · read-only summary with tabs · "Your view is logged" banner · masked value with Show (reason, 60 s, logged) where allowed | D6: AD-24, AD-25 | E6: 4.4 | F6: To design
A7: States | B7: Common states | C7: Loading · empty · not allowed · validation error · server error · load error · edit conflict · reason dialog | D7: All screens | E7: 4.5 | F7: To design

Sheet New components
A1: Component | B1: Used by | C1: What it does | D1: Status | E1: Figma link
A2: Queue table row | B2: AD-01–AD-09, AD-22, AD-23 | C2: Compact row with flags, fast-lane mark, due-time countdown and status chip | D2: To design
A3: Due-time countdown | B3: AD-01–AD-09, AD-19, AD-22 | C3: "Due in {h} h" / "Overdue" with icon and words; turns red at 80 % of the target | D3: To design
A4: Document viewer | B4: AD-01, AD-02, AD-04–AD-08 | C4: Watermark with reviewer name, time and case number; zoom, rotate, page list; "Every view is logged" | D4: To design
A5: Decision bar | B5: AD-01–AD-09 | C5: Sticky bar at the bottom of a case; buttons change per screen | D5: To design
A6: Reason dialog | B6: All screens | C6: Reason list and/or text (at least 10 characters); names the action and who is told | D6: To design
A7: Approval bar | B7: AD-10–AD-18 | C7: Status chip, "High impact" chip, Send for approval / Approve / Reject / Publish / Schedule | D7: To design
A8: Diff / preview panel | B8: AD-10–AD-18 | C8: Old → new values marked "Added", "Changed", "Retired" with icon and word; counts; example | D8: To design
A9: Version history list | B9: AD-10–AD-18 | C9: Version, status, editor, approver, date, reason; Compare; Roll back to this version | D9: To design
A10: Masked value with Show | B10: AD-06, AD-19, AD-21, AD-24 | C10: Masked phone or email; Show (where allowed) asks a reason, shows 60 s, is logged | D10: To design
A11: Checklist ticks | B11: AD-02, AD-05, AD-06, AD-08 | C11: Required ticks that unlock the decision button | D11: To design
A12: Photo location panel | B12: AD-01, AD-05 | C12: Reason first; small map, coordinates, distance; "This view is recorded with your reason." | D12: To design
A13: Read-only banner | B13: AD-24, AD-25 | C13: "Read-only · Your view is logged" / "Your view is logged" | D13: To design

Sheet Open questions
A1: # | B1: Question | C1: Owner | D1: Answer | E1: Answered on
A2: 1 | B2: Dark mode for staff screens? The UX-UI Foundation (U8) says no dark mode in V1; confirm this also applies to the admin console. | C2: Product owner | D2: Decided 26 Sep: light mode only for the console. | E2: 26 Sep 2026
A3: 2 | B3: Table density: compact rows by default with a "comfortable" switch, or compact only? | C3: Designer + product owner | D3: Decided 26 Sep: compact tables by default (no switch). | E3: 26 Sep 2026
A4: 3 | B4: Can one farmer be a member of several FPOs at the same time? (open product question; affects S15, AD-19 and AD-23) | C4: Product owner | D4: Decided 26 Sep: yes, several FPOs allowed; each link is confirmed separately; any one confirmed link gives Verified farmer. | E4: 26 Sep 2026
A5: 4 | B5: Final list of keyboard shortcuts for queues (proposal in Section 3.3). | C5: Designer + tech lead
A6: 5 | B6: Video-call ID check: is the video shown inside the case view or in the supplier’s own window next to it? (supplier not chosen yet) | C6: Product owner + tech lead
A7: 6 | B7: Staff-awarded badge applications: the brief listed "Admin" as the user, but M03-6 §16.6 says a Moderator decides them on screen A. This brief follows M03-6. Confirm. | C7: Product owner | D7: Decided 26 Sep: a Moderator decides (AD-01 Badge applications tab); Admin only creates badge types (AD-15). | E7: 26 Sep 2026
A8: 7 | B8: Settings editors are built in the Configuration Console (M16) and staff screens in the Operations Console (M15). This brief assumes one shared shell look with the Settings menu group. Confirm. | C8: Product owner + designer | D8: Decided 26 Sep: one shared console shell; Settings is a menu group. | E8: 26 Sep 2026
A9: 8 | B9: Should each Moderator have a personal queue ("Assigned to me") and can cases be assigned, or does everyone pick from one shared queue? | C9: Product owner | D9: Decided 26 Sep: one shared queue (fast lane first, then due time); a Moderator can pick a case ("Assigned to me"); a Senior Moderator can assign cases to others. | E9: 26 Sep 2026
